id,title,text,category,summary,writer,date,tags,link
1,هشدار چین مبنی بر به صفر رسیدن ارزش بیت کوین,به گزارش به گفته‌ی اکونومیک دیلی، کشورهای غربی با ایجاد بازاری با اهرم بسیار بالا که «ظاهرا بسیار فناورانه ولی به شدت قابل دستکاری» است، با استفاده از عوامل خارج از این بازار، باعث افزایش نوسان‌های قیمت بیت‌کوین می‌شوند.به گفته‌ی این روزنامه: «بیت‌کوین چیزی نیست جز یک رشته کدهای دیجیتال و بازده‌ی سرمایه‌گذاری در آن عمدتا از خرید در کف و فروش در سقف به دست می‌آید.در آینده، زمانی که اعتماد سرمایه‌گذاران کاملا از بین برود یا کشورهای مستقل بیت کوین را غیرقانونی اعلام کنند، این ارز دیجیتال به ارزش اصلی خود باز می‌گردد - یعنی صفر.»دولت چین در جولای سال گذشته استخراج بیت کوین را ممنوع کرد. این کشور برنامه‌های بزرگی برای راه‌اندازی ارز دیجیتال بانک مرکزی خود (CBDC) به نام یوان دیجیتال چین (e-CNY) در سراسر کشور دارد. چین در سپتامبر سال گذشته، تمام تراکنش‌های مربوط به ارزهای دیجیتال را ممنوع کرد و در سال ۲۰۱۸، صرافی‌های ارز دیجیتال خارجی را نیز از فعالیت در این کشور منع کرد.البته، دولت چین تنها نهادی نیست که در مورد روند قیمت بیت کوین پیش‌بینی‌های ناامیدکننده‌ای ارئه می‌دهد.موسس و مدیر عامل شرکت تحلیل بازار به گفته‌ی وی، «چنین وضعیتی نشان می‌دهد بیت کوین، به احتمال بسیار بالا، برای رسیدن به بالاترین سطح قیمت خود به سال‌ها، و شاید هم به دهه‌ها زمان نیاز دارد.»,"
اخبار ارزهای دیجیتال
","
روزنامه‌ی دولتی چین به منظور دلسرد کردن مخاطبان‌اش از سرمایه‌گذاری در ارزهای دیجیتال، به آن‌ها هشدار داد ارزش بیت کوین به صفر خواهد رسید.
",امیر مصطفایی,پنجشنبه 2 تیر 1401 ساعت 11:10,"['\nبیت\u200cکوین\n', '\nچین\n', '\nبازار کریپتو\n', '\nبازده سرمایه گذاری\n', '\nاستخراج بیت کوین\n', '\nارز دیجیتال بانک مرکزی\n', '\nیوان دیجیتال\n', '\nاخبار ویژه\n', '\nخبر یک\n']",https://www.tgju.org/news/2441912/هشدار-چین-مبنی-بر-به-صفر-رسیدن-ارزش-بیت-کوین
2,تحلیل قیمت بیت کوین و اتریوم ,به گزارش گاوها تلاش می‌کنند شرایط قیمت بیت کوین را بهبود ببخشند، ولی سایه‌ی بلند کندل قیمت در 21 ژوئن (31 خرداد) نشان می‌دهد که خرس‌ها تمایلی به تسلیم شدن ندارند.تنها نکته‌ی مثبت برای بیت کوین این بود که گاوها در 22 ژوئن (1 تیر) در قیمت 20000 دلار شروع به خرید کردند. چنان‌چه روند قیمت از سطح کنونی به سمت بالا حرکت کند، خریداران سعی خواهند کرد قیمت بیت کوین را به بالای 22000 دلار برسانند. این می‌تواند مسیر بیت کوین را برای افزایش احتمالی قیمت تا میانگین متحرک نمایی 20 روزه (24076 دلار) هموار کند.گاوها در این سطح احتمالا با یک مقاومت قدرتمند رو‌به‌رو خواهند شد، ولی اگر بتوانند بر این مانع غلبه کنند، توقف بعدی‌شان ممکن است سطح میانگین متحرک ساده 50 روزه (28678 دلار) باشد.چنان‌چه قیمت بیت کوین کاهش یابد و به زیر 19600 دلار برسد، این پیش‌بینی صعودی بی‌اعتبار خواهد شد. در این شرایط، احتمال تست مجدد پایین‌ترین نرخ روزانه در 18 ژوئن (28 خرداد)، یعنی 17622 دلار، افزایش می‌یابد.اگر گاوها اجازه ندهند اتریوم از سطح قیمت کنونی پایین‌تر بیاید، ETH می‌تواند دوباره به سطح میانگین متحرک نمایی 20 روزه (1368 دلار) صعود کند. این سطح بسیار مهمی برای خرس‌ها است و آن‌ها در طول روندهای نزولی همیشه از سطح متحرک نمایی 20 روزه به شدت دفاع کرده‌اند.چنان‌چه قیمت از میانگین متحرک نمایی 20 روزه پایین‌تر بیاید، خرس‌ها دوباره سعی می‌کنند اتریوم را به 1000 دلار و سپس به 881 دلار برسانند. شکست قیمت به زیر این سطح می‌تواند نشانه‌ی از سرگیری روند نزولی باشد. از سوی دیگر، اگر گاوها قیمت را به بالای میانگین متحرک نمایی 20 روزه برسانند، قیمت اتریوم ممکن است تا 1700 دلار نیز افزایش یابد.,"
اخبار ارزهای دیجیتال
","
بیت کوین و آلتکوین‌های برتر تلاش می‌کنند تا روند کنونی را معکوس کنند، ولی فروش گسترده‌ی این ارزهای دیجیتال نشان می‌دهد خرس‌ها کنترل بازار را در دست دارند.
 ",امیر مصطفایی,پنجشنبه 2 تیر 1401 ساعت 10:11,"['\nبیت\u200cکوین\n', '\nاتریوم\n', '\nکندل\n', '\nمیانگین متحرک نمایی\n', '\nمقاومت\n', '\nبازارهای مشتقه\n', '\nاخبار ویژه\n', '\nتحلیل تکنیکال\n']",https://www.tgju.org/news/2441903/تحلیل-قیمت-بیت-کوین-و-اتریوم-3
3,بانک مرکزی قطر، در مراحل اولیه راه‌اندازی ارز دیجیتال ,به گزارش شیخ بندر بن محمد بن سعود آل ثانی، رئیس بانک مرکزی قطر، روز سه‌شنبه در جریان جلسه‌ای در مجمع اقتصادی قطر، اعلام کرد که این بانک در تلاش است تا روش‌هایی فناورانه‌ای را برای راه‌اندازی ارز دیجیتال بانک مرکزی (CBDC) پیدا کند. آل ثانی تصریح کرد، در حال حاضر این پروژه در مراحل اولیه‌ی خود قرار دارد.وی گفت: «بسیاری از بانک‌های مرکزی اکنون در حال انتشار ارز دیجیتال خود هستند و ما نیز از این امر مستثنی نخواهیم بود. ولی ما هنوز در مرحله اولیه قرار داریم. ما در حال ارزیابی مزایا و معایب استفاده از ارز دیجیتال بانک مرکزی و یافتن فناوری و بستر مناسبی برای انتشار آن هستیم.»وی افزود: «در حال حاضر، ارزهای دیجیتال یک نوآوری در فناوری هستند. این نوآوری فناورانه ما را به عصر جدیدی از خدمات مالی سریع، ارزان و در دسترس خواهد برد. با وجود این، آن دسته از دارایی‌های کریپتو که تحت نظارت مقامات پولی قرار نمی‌گیرند، ممکن است اعتبار کم‌تری داشته باشند.»نخستین گزارش‌ها در مورد بررسی امکان راه‌اندازی ارز دیجیتال توسط بانک مرکزی قطر در مارس 2022 منتشر شدند. در آن زمان، رئیس بخش فین‌تک (فناوری مالی) در بانک مرکزی قطر، اعلام کرد که این بانک هم‌سو با روند جهانی در حال تحقیق در مورد این مفهوم است.در حال حاضر، بیش از 100 کشور در سطح جهان علاقه‌ی خود را برای تحقیق و توسعه در خصوص ارز دیجیتال بانک مرکزی ابراز کرده‌اند و/یا راه‌اندازی آن را شروع کرده‌اند. رقیب اصلی قطر در منطقه خلیج فارس، امارات متحده عربی است که حرکت خود را برای راه‌اندازی ارز دیجیتال بانک مرکزی به عنوان بخشی از استراتژی فناوری 2023-2026 در سال 2021 آغاز کرد.در همان سال، امارات متحده‌ی عربی از پروژه‌ی مشترک پرداخت‌ با ارز دیجیتال بانک مرکزی برون مرزی با بانک‌های مرکزی تایلند، هنگ کنگ و چین و هم‌چنین بانک تسویه حساب‌های بین‌المللی خبر داد.,"
اخبار ارزهای دیجیتال
","
بانک مرکزی قطر در حال بررسی روش‌های فناورانه و پلتفرم‌های مخصوص برای راه‌اندازی ارز دیجیتال اختصاصی خود است.
",امیر مصطفایی,چهارشنبه 1 تیر 1401 ساعت 16:52,"['\nبانک مرکزی قطر\n', '\n ارزدیجیتال بانک مرکزی\n', '\nفناوری\n', '\nامارات متحده عربی\n', '\nکریپتو\n', '\nتایلند\n', '\nچین\n', '\nاخبار ویژه\n']",https://www.tgju.org/news/2441819/بانک-مرکزی-قطر-در-مراحل-اولیه-راه-اندازی-ارز-دیجیتال
4,گاز طبیعی و این همه نوسان؟,به گزارش معاملات آتی معیار پس از افت 2 درصدی، 1.2 درصد افزایش یافت. قیمت‌ها همچنان حدود هشت برابر میانگین فصلی است و باعث کاهش مصرف صنعت می‌شود. سیتی گروپ اعلام کرد، در بریتانیا، مصرف گاز صنعتی در سال جاری حدود 49 درصد کاهش یافته است که تقریباً برابر با تقاضای قبل از همه‌گیری است.قیمت‌ها پس از افت شدید در هفته گذشته که روسیه فشار بیشتری بر جریان گاز به این قاره اعمال کرد، ثابت ماند؛ اقدامی که برخی کشورها را بر آن داشت تا برای تولید برق به زغال‌سنگ متوسل شوند. ایتالیا، یکی از بزرگترین خریداران گاز روسیه، به طور موقت تولید زغال‌سنگ را افزایش می‌دهد و به کشورهایی مانند آلمان، اتریش و هلند می‌پیوندد تا نیروگاه‌های برق را احیا کند یا محدودیت‌های سوخت کثیف‌تر را حذف کند.محموله‌های گازپروم PJSC (MCX:GAZP) از طریق نورد استریم - بزرگترین خط لوله به اتحادیه اروپا - در حدود 40 درصد ظرفیت باقی می‌ماند و باعث کاهش عرضه به خریداران در آلمان، فرانسه، ایتالیا و برخی از کشورها می شود.کانادا، جایی که توربین نورد استریم برای تعمیر متوقف شده است، در حال مذاکره با آلمان در مورد چگونگی احترام به تحریم‌های اعمال‌شده علیه روسیه، بدون آسیب رساندن به متحد خود است. این توربین‌ها در کانادا تولید شده‌اند و باید به طور مرتب توسط شرکت زیمنس انرژی آلمان برای تعمیر و نگهداری به آنجا فرستاده شوند.معاملات آتی گاز ماه اول هلند، معیار اروپایی، با 1.2 درصد افزایش به 127 یورو در هر مگاوات ساعت در ساعت 9:09 صبح در آمستردام رسید. آن معاملات در روز سه شنبه 4.1 درصد افزایش یافتند.,"
اخبار طلا و سکه
","
از آنجا که معامله‌گران در حال ارزیابی علائمی برای مهار کاهش عرضه روسیه هستند، قیمت گاز طبیعی بین سود و زیان در نوسان است.
",معصومه دانش,چهارشنبه 1 تیر 1401 ساعت 16:34,"['\nگاز طبیعی\n', '\nهزینه بالای سوخت\n', '\nمعاملات آتی گاز طبیعی\n', '\nبحران روسیه و اوکراین\n', '\nزغال\u200cسنگ\n', '\nگازپروم\n', '\nنورداستریم\n', '\nتحریم روسیه\n', '\nاخبار ویژه\n']",https://www.tgju.org/news/2441814/گاز-طبیعی-و-این-همه-نوسان
5,تتر به دنبال راه‌اندازی استیبل‌کوین با پشتوانه پوند انگلیس,به گزارش استیبل کوین‌ها ارزهای دیجیتالی هستند که هدف از طراحی آن‌ها، ثابت ماندن ارزش‌شان در برابر ارزهای سنتی یا کالاهایی مانند طلا است. این نوع از ارزهای دیجیتال تلاش می‌کند از نوسان‌های بازار کریپتو در امان بماند - نوسان‌هایی که استفاده از بیت کوین و سایر توکن‌های دیجیتال را برای انجام بیش‌تر معاملات غیرممکن کرده‌اند.بازار کریپتو در ماه گذشته شاهد یک اتفاق بزرگ و تلخ بود؛ ارزش ترا یو‌اس‌دی، استیبل کوینی که برای ثابت ماندن ارزش خود از الگوریتم پیچیده‌ای بهره می‌برد، به طور کامل سقوط کرد. این اتفاق اهمیت استیبل کوین‌ها را در دنیای تجارت کریپتو بیش از پیش در کانون توجه قرار داد.استیبل کوین این استیبل کوین به عنوان یک واسطه‌ی مهم برای جابه‌جایی وجوه بین ارزهای دیجیتال و پول نقد کاربرد دارد. ارزش این توکن توسط دلار، اوراق قرضه‌ی دولت و اوراق قرضه‌ی کوتاه مدت (از طرف شرکت‌های مختلف) پشتیبانی می‌شود.سقوط استیبل کوین ترا یو‌اس‌دی باعث افزایش فشار فروش در بازار ارزهای دیجیتال شد؛ تتر پیوند 1:1 خود را با دلار از دست داد، و این مسئله باور و ایمان سرمایه‌گذاران را به یک تکیه‌گاه مهم در اقتصاد کریپتو متزلزل کرد.بریتانیا قصد دارد با وضع قوانین جدید، برخی از استیبل کوین‌ها را تحت نظارت قانونی خود قرار دهد؛ هدف از این اقدام بهره‌برداری از پتانسیل بالای فناوری کریپتو و بلاک چین برای کمک به مصرف‌کنندگان و بهبود فرایند پرداخت است.این کشور در ماه می اعلام کرد، قوانین موجود را برای مقابله با سقوط‌ استیبل کوین‌ها به‌روزرسانی خواهد کرد.پائولو آردوینو، مدیر ارشد فناوری تتر در بیانیه‌ای گفت: «از نظر ما بریتانیا کانون بعدی نوآوری‌های بلاک چین و اجرای گسترده‌‌ی پروژه‌های ارزهای دیجیتال برای بازارهای مالی خواهد بود.» وی افزود، این شرکت با نهادهای نظارتی بریتانیا همکاری خواهد کرد.وزارت دارایی بریتانیا در مورد صحبت‌های پائولو آردوینو اظهارنظر نکرده است.تتر علاوه بر راه‌اندازی استیبل کوین با پشتوانه دلار، توکن‌های متصل به یورو، یوان چین و پزو مکزیک را نیز ارائه می‌کند.,"
اخبار ارزهای دیجیتال
","
شرکت تتر قصد دارد استیبل کوینی متصل با پوند انگلیس راه‌اندازی کند.
",امیر مصطفایی,چهارشنبه 1 تیر 1401 ساعت 15:19,"['\nتتر\n', '\nاستیبل کوین\n', '\nپوند انگلیس\n ', '\nترا یو اس دی\n', '\nکریپتو\n', '\nارز دیجیتال\n', '\nدلار امریکا\n', '\nیوان چین\n', '\nاخبار ویژه\n', '\nخبر دو\n']",https://www.tgju.org/news/2441796/تتر-به-دنبال-راه-اندازی-استیبل-کوین-با-پشتوانه-پوند-انگلیس
6,این طلاست، سنگ که نیست!,به گزارش گرچه طلا تا این میزان کاهش یافته است، با این حال، اقتصاددانان در Commerzbank انتظار دارند که فلز زرد بالاتر از سطح 1800 دلار باقی بماند.طلا در هفته‌های اخیر مکرراً نتوانسته است به محبوبیت خود به عنوان یک پناهگاه امن عمل کند، علی‌رغم ترس از رکود که در پس کاهش قیمت‌ها به دلیل چرخه‌ کالاها بوده است.طی چند هفته گذشته، افزایش علاقه خرید در قیمت‌هایی که دقیقاً بالاتر از مرز 1800 دلار بود، مشاهده شد که مانع از سقوط قیمت طلا به زیر این آستانه شد. ما انتظار داریم این بار نیز تقریباً همین اتفاق بیفتد و کاهش محسوس بیشتری را در قیمت طلا متصور نیستیم.تورم موضوع اصلی امروز در شهادت پاول رئیس فدرال رزرو در مقابل کمیته بانکداری سنای آمریکا خواهد بود. اگر بازار چیز جدیدی از این شهادت بیاموزد، این احتمالاً از طریق حرکت در به نظر می‌رسد سرمایه‌گذاران متقاعد شده‌اند که فدرال رزرو موضع سختگیرانه خود را حفظ خواهد کرد و نرخ‌های بهره را با سرعت بیشتری برای مهار تورم فزاینده افزایش خواهد داد. در واقع، بازارها در نشست بعدی FOMC در ماه ژوئیه، 75 واحد بر ثانیه افزایش نرخ بهره را افزایش دادند. انتظارات هاوکیش فدرال رزرو مقداری حمایت از دلار آمریکا را افزایش داد که به نوبه خود تقاضا برای طلای دلاری را تضعیف کرد. به نظر می‌رسید که گاوها تحت تأثیر خلق و خوی رایج عدم ریسک قرار نگرفته باشند، که به نفع XAU/USD پناهگاه امن است.در میان تردیدها مبنی بر اینکه بانک‌های مرکزی بزرگ می‌توانند نرخ‌های بهره را برای مهار تورم فزاینده بدون تأثیر بر رشد اقتصادی افزایش دهند، احساسات بازار همچنان شکننده است. این امر، همراه با اختلالات زنجیره تامین جهانی ناشی از بحران روسیه و اوکراین و شیوع اخیر کووید-19 در چین، به تشدید ترس از رکود دامن زد. بدترشدن چشم‌انداز اقتصاد جهانی بر احساسات سرمایه‌گذاران تأثیر گذاشت که موج جدیدی از تجارت جهانی ریسک‌گریزی را به همراه داشت و منجر به سقوط شدید در بازارهای سهام شد.,"
اخبار طلا و سکه
","
طلا در روزهای اخیر نتوانست به محبوبیت خود به عنوان پناهگاه امن وفادار بماند و امروز در پائین‌ترین سطح چهار روز اخیر بود.
",معصومه دانش,چهارشنبه 1 تیر 1401 ساعت 14:23,"['\nمعاملات اروپا\n', '\nپناهگاه امن\n', '\nکاهش محسوس\n', '\nدلار آمریکا\n', '\nفدرال رزرو\n', '\nبحران روسیه و اوکراین\n', '\nکووید 19\n', '\nریسک\u200cگریزی\n', '\nبازارهای سهام\n', '\nطلای بدون بازده\n', '\nتورم\n', '\nاقتصاد جهانی\n', '\nاخبار ویژه\n']",https://www.tgju.org/news/2441780/این-طلاست-سنگ-که-نیست
7,تابستان دوج کوین در پیش است,به گزارش با نگاهی به هفته‌ی سوم معاملات در ماه ژوئن در می‌یابیم که معامله‌گران و سرمایه‌گذاران می‌توانند به آینده‌ی قیمت دوج کوین (DOGE) خوش‌بین باشند. این میم کوین در 10 ژوئن (20 خرداد)، کانال روند موج الیوت را که پیش‌تر نقض کرده بود، مجددا تا سطح 0.05 دلار تست کرد. این اتفاق با حرکت جانبی قابل‌توجه قیمت در این ناحیه همراه بود.سپس گاوها (معامله‌گرانی که به دنبال افزایش قیمت‌ها هستند) در روز سه‌شنبه، 21 ژوئن (31 خرداد)، یک جهش قیمت را در بالای منطقه‌ی تثبیت ایجاد کردند - این سطح قیمت برای معامله‌گرانی که مایل به پذیرش ریسک هستند، می‌تواند به عنوان قیمت ورود به معامله تلقی شود.با بررسی کلی وضعیت، به نظر می‌رسد قیمت دوج کوین در آینده‌ی نزدیک به 1.00 دلار برسد. این پیش‌بینی از طریق کاهش حجم معاملات، ایجاد یک واگرایی آشکار در شاخص قدرت نسبی (RSI) و نقض کانال روند تایید می‌شود.متخصصان موج الیوت معتقدند، رفتار قیمت از لحاظ زمان و مومنتوم (یا هر دو) در موج پنجم معمولا تکرار رفتار قیمت در موج اول است. اگر این مسئله برای قیمت دوج کوین (DOGE) صادق باشد، این میم کوین محبوب تا اکتبر (مهر) امسال می‌تواند به 1.00 دلار برسد.با این‌که همه چیز برای دوج کوین خوش‌بینانه به نظر می‌رسد، هنوز این احتمال وجود دارد که قیمت این میم کوین به سطوح پایین‌تری نظیر سطح قیمت 0.02 دلار سقوط کند.اعتبار این پیش‌بینی‌ها به این مسئله بستگی دارد که آیا قیمت دوج کوین (DOGE) به 0.00560 دلار می‌رسد یا خیر. اگر سطح قیمت در موج اول نقض شود، کل این پیش‌بینی بی‌اعتبار خواهد شد.,"
اخبار ارزهای دیجیتال
","
دوج کوین در ماه‌های آینده می‌تواند عملکرد بسیار خوبی داشته باشد و به عنوان یکی از بهترین ارزهای دیجیتال بازار کریپتو شناخته شود.
",امیر مصطفایی,چهارشنبه 1 تیر 1401 ساعت 14:21,"['\nدوج کوین\n', '\nمیم کوین\n', '\nارزهای دیجیتال\n', '\nموج الیوت\n', '\nحجم معاملات\n', '\nمومنتوم\n', '\nشاخص قدرت نسبی\n', '\nاخبار ویژه\n', '\nتحلیل تکنیکال\n']",https://www.tgju.org/news/2441779/تابستان-دوج-کوین-در-پیش-است
8,طلا، آماج کم‌لطفی‌ها,به گزارش در همین حال، جو بهتر بازار بر کمبود تقاضا برای فلز امن افزود. سهام موفق شدند در آسیا و اروپا رشد کمی داشته باشند، در حالی که شاخص‌های ایالات متحده به شدت افزایش یافته‌اند. به نظر می‌رسد با وجود ثابت‌ماندن سناریوی اقتصادی، ترس از رکود در حال حاضر کاهش یافته است. اعتماد بازارها پس از آن بهبود یافت که جو بایدن، رئیس جمهور ایالات متحده، با اشاره به انتقال به استفاده از وسایل نقلیه الکتریکی و انرژی‌های تجدیدپذیر، گفت که کشور می‌تواند از رکود جلوگیری کند، اما تاکید کرد که کشور بر تورم فعلی غلبه خواهد کرد.قیمت طلا از ابتدای هفته تاکنون برای مسیریابی تلاش کرده است. با این وجود، بر اساس خوانش‌های فنی در نمودار روزانه، ریسک به سمت نزولی منحرف می‌شود. فروشندگان همچنان پیشرفت‌های حول 200 SMA را که در حال حاضر 1.843.50 دلار است، رد می‌کنند، در حالی که SMA 20 کمی بالاتر از آن کاهش یافته است. در این میان، شاخص‌های فنی، هرچند در سطوح منفی بدون جهت باقی می‌مانند.نمودار 4 ساعته نشان می‌دهد که این جفت در زیر تمام میانگین‌های متحرک خود باقی می‌ماند، در حالی که اندیکاتورهای فنی به میزان اندکی در سطوح منفی پایین‌تر هستند، اگرچه قدرت کافی برای تأیید ادامه نزولی در کوتاه‌مدت ندارند. به طور کلی، این ریسک به سمت نزول منحرف شده است، با این حال یک شکست جهت‌دار در کوتاه‌مدت بعید به نظر می‌رسد.,"
اخبار طلا و سکه
","
به دلیل جو بهتر بازار سهام تقاضا برای طلا کاهش یافت و از این رو، فلز زرد امروز با کاهش نسبی در حدود 1835 دلار معامله شد.
",معصومه دانش,چهارشنبه 1 تیر 1401 ساعت 13:50,"['\nکمبود تقاضا\n', '\nسناریوی اقتصادی\n', '\nترس از رکود\n', '\nرکود\n', '\nتورم\n', '\nریسک نزولی\n', '\nمیانگین متحرک\n', '\nشکست جهت\u200cدار\n', '\nانرژی تجدیدپذیر\n', '\nشاخص فنی\n', '\nاخبار ویژه\n', '\nتحلیل بنیادین\n', '\nخبر دو\n']",https://www.tgju.org/news/2441774/طلا-آماج-کم-لطفی-ها
9,تحلیل و پیش‌بینی قیمت ریپل,به گزارش سطوح حمایت ریپل عبارت هستند از 0.3196 دلار (حمایت اول)، 0.3098 دلار (حمایت دوم) و 0.3009 دلار. از سویی دیگر، سطوح مقاومت ریپل نیز عبارت هستند از 0.3383 دلار (مقاومت اول)، 0.3472 دلار (مقاومت دوم) و 0.357 دلار (مقاومت سوم).در نمودار 4 ساعته‌، قیمت ریپل بین خطوط میانگین متحرک 20 روزه و میانگین متحرک 9 روزه قرار دارد. خط میانگین متحرک 20 روزه به عنوان سطح حمایت قیمت ریپل عمل می‌کند.میانگین متحرک 9 روزه در بالای خط میانگین متحرک 20 روزه قرار گرفته است؛ با توجه به این‌که این وضعیت در نمودار 4 ساعته ایجاد شده است، می‌توان یک دوره‌ی صعودی کوتاه‌مدت را پیش‌بینی کرد. با این حال، خط میانگین متحرک 20 روزه در حال پر کردن شکافی است که بین خود و خط میانگین متحرک 9 روزه وجود دارد؛ در صورت عبور این دو خط از هم، یک سیگنال نزولی ایجاد می‌شود.به علاوه، شاخص قدرت نسبی (RSI) در زیر خط RSI SMA و بین ناحیه‌ی اشباع خرید و اشباع فروش قرار دارد - ولی به ناحیه‌ی اشباع فروش نزدیک‌تر است.هم‌چنین، ریپل در حال حاضر، در یک کانال قیمت قرار گرفته که حد پایین آن 0.3150 دلار و حد بالایی آن 0.3359 دلار است. چنان‌چه خط میانگین متحرک 20 روزه نتواند حمایت خود را از قیمت ریپل حفظ کند، قیمت این ارز دیجیتال می‌تواند به باند پایینی این کانال سقوط کند. اگر این اتفاق بیفتد، قیمت ریپل حدود 1.7 درصد نسبت به قیمت فعلی کاهش خواهد یافت.با توجه تحلیل‌های بالا، احتمالا در 48 ساعت آینده شاهد کاهش قیمت ریپل خواهیم بود. البته یادآوری می‌کنیم که تایید صحت این پیش‌بینی هنگامی است که قیمت ریپل به 0.31715 دلار برسد.,"
اخبار ارزهای دیجیتال
","
اگر سطح حمایت در میانگین متحرک 20 روزه در نمودار 4 ساعته حفظ نشود، قیمت ریپل در 48 آینده ممکن است کاهش یابد.
",امیر مصطفایی,چهارشنبه 1 تیر 1401 ساعت 13:24,"['\nریپل\n', '\nحمایت\n', '\nمقاومت\n', '\nمیانگین متحرک\n', '\nاشباع خرید\n', '\nفروش اشباع\n', '\nشاخص قدرت نسبی\n', '\nاخبار ویژه\n', '\nتحلیل تکنیکال\n']",https://www.tgju.org/news/2441771/تحلیل-و-پیش-بینی-قیمت-ریپل
10,افزایش 300 درصدی توکن سلسیوس در یک هفته,به گزارش این جهش صعودی پس از آن آغاز شد که تحلیلگر مستقلی با نام مستعار PlanC اعلام کرد، به هر فردی که ثابت کند شبکه‌ی سلسیوس توسط یک شخص ثالث مورد حمله قرار گرفته - که متعاقبا باعث به تعلیق درآمدن برداشت‌ها و نقل‌وانتقالات در این شبکه شده است - 20 میلیون دلار جایزه می‌دهد.این مسئله باعث ایجاد جنجالی در توییتر شد و بسیاری از حساب‌های کاربری، هشتگ #CelShortSqueeze (شورت اسکوییز سلسیوس) را در بیوی خود قرار دادند؛ آن‌ها قصد داشتند سرمایه‌گذارانی را که معتقد به سقوط قیمت سلسیوس بودند، تحت فشار قرار دهند. شورت اسکوییز (فشار فروش استقراضی) هنگامی اتفاق می‌افتد که قیمت یک دارایی به شدت افزایش می‌یابد و معامله‌گرانی که با پیش‌بینی کاهش قیمت، وارد پوزیشن شورت شده‌اند، به شدت تحت فشار قرار می‌گیرند.این هشتگ توییتری در ایالات متحده روند بالاتری داشت. بر اساس داده‌های گوگل ترندز، جستجوهای اینترنتی برای کلیدواژه‌ی «CEL short squeeze» نیز بین 12 تا 18 ژوئن به شدت افزایش یافتند.ترند شدن این هشتگ و کلیدواژه باعث شد معامله‌گران به طور گسترده شروع به خریداری توکن‌های سلسیوس (CEL) کنند و قیمت آن را به شدت افزایش دهند.بنابراین، سرمایه‌گذارانی که «وارد پوزیشن شورت» شده بودند، یعنی آن‌هایی که توکن را به‌ منظور خرید مجدد آن با قیمت پایین‌تر قرض گرفته و به فروش رسانده بودند، مجبور شدند آن را مجددا با قیمت بالاتر بخرند تا پوزیشن‌های نزولی خود را «پوشش دهند».ولی با وجود افزایش قیمت چشمگیر توکن سلسیوس، این شرکت که سال گذشته بیش از 20 میلیارد دلار دارایی دیجیتال را تحت مدیریت داشت، اکنون در معرض خطر ورشگستگی قرار گرفته است. دلیل این مسئله نیز ناتوانی این شرکت در پرداخت سود بسیار بالایی است (تا 18٪) که باید به مشتریان سپرده‌گذار خود پرداخت کند.از طرفی دیگر، با این‌که یک بریک‌اوت موفقیت‌آمیز می‌تواند توکن سلسیوس (CEL) را به تست 3.11 دلار هدایت کند، یک پولبک نیز به طور بالقوه می‌تواند قیمت آن را به سمت 0.34 دلار، یعنی حمایت محدوده فعلی - 73 درصد پایین‌تر از قیمت 21 ژوئن - کاهش دهد.,"
اخبار ارزهای دیجیتال
","
قیمت توکن سلسیوس، از 19 ژوئن تقریبا چهار برابر شده است؛ دلیل آن، شور و هیجانی بود که توسط معامله‌گران به پا شد. ولی این توکن هنوز در معرض خطر است.
",امیر مصطفایی,چهارشنبه 1 تیر 1401 ساعت 12:45,"['\nشبکه سلسیوس\n', '\nبازارهای کریپتو\n', '\nتوییتر\n', '\nشورت اسکوییز\n', '\nپوزیشن شورت\n', '\nپولبک\n', '\nتوکن\n', '\nاخبار ویژه\n', '\nخبر دو\n']",https://www.tgju.org/news/2441763/افزایش-300-درصدی-توکن-سلسیوس-در-یک-هفته
11,از مس و آلومینیوم چه خبر؟,"به گزارش ما پشتیبانی‌های بعدی را در پایین‌ترین سطح 8,938/830 دلاری اخیر و سپس پایین‌ترین نمودار ماهانه 8,740/8570 دلاری را شناسایی می‌کنیم و همچنان به دنبال حفظ محدوده بلندمدت هستیم. با این وجود، متذکر می‌شویم که شکستن به زیر 8570 دلار در یک بازه بسته‌شدن هفتگی، یک سقف بزرگ را با «هدف اندازه‌گیری‌شده» بسیار پایین‌تر در 6295 دلار تکمیل می‌کند.تنها بالاتر از رکورد قبلی در 10748/845 دلار، حرکت صعودی تازه‌ای را به بازار وارد می‌کند، با مقاومت در سطح روانشناختی 11,000 دلار و سپس پیش‌بینی‌های فیبوناچی در 11,246/496 دلار مشاهده می‌شود.آلومینیوم در زیر نقطه تقاطع کلیدی میانگین‌های 55 و 200 روزه باقی می‌ماند که در حال حاضر با قیمت 2972/77 دلار دیده می‌شود. با عبور 55-DMA از زیر 200-DMA، این می‌تواند یک چرخش قابل‌توجه پایین‌تر از اینجا باشد.شکست 61.8 درصدی اصلاحی کل 2020/2022 در سطح 2455 دلار، صعود بزرگ را تایید می‌کند و پس از آن انتظار داریم که فلز صنعتی به نزول خود به سمت 2305 دلار، پایین‌ترین سطح ماه مه 2021، و سپس 78.6 درصد اصلاح و کاهش حیاتی ادامه دهد. علامت روانشناختی کلیدی در 2015/2000 دلار است، جایی که ما حداقل انتظار یک کف موقت را داریم.ما ریسک آزمایش حمایت بلندمدت را در 1542 دلار/1594 دلار می‌بینیم – اصلاحی 61.8 درصدی کل روند صعودی 2022/2016 و پایین‌ترین سطح سال 2021. هر چند فقط در اینجا (و سپس به سرعت در حالت ایده‌آل 1495 دلار) شاهد یک رشد بزرگ خواهیم بود. سقفی برای نشان‌دادن یک تغییر قابل توجه روند پایین‌تر ایجاد شد، با پشتیبانی‌های بعدی در 1268 دلار، جلوتر از 1140 دلار و سپس اصلاح 78.6% در 1092 دلار مشاهده شد.مقاومت در برابر واکنش اخیر بالا و میانگین 200 روزه در 2095 دلار / 2120 دلار به طور ایده‌آل برای پایین نگه‌داشتن خطر فوری کاهش می‌یابد.","
اخبار طلا و سکه
","
مس تحت فشار شدید با افت قابل توجهی روبرو شد. اما آلومینیوم نیز کاهش شدیدی را تجربه کرده است.
",معصومه دانش,چهارشنبه 1 تیر 1401 ساعت 11:58,"['\nمس\n', '\nآلومینیوم\n', '\nبسته\u200cشدن هفتگی\n', '\nمقاومت\n', '\nسطح روانشناختی\n', '\nفیبوناچی\n', '\nپتانسیل نزولی\n', '\nتقاطع کلیدی\n', '\nحرکت صعودی\n', '\nپالادیوم\n ', '\nاخبار ویژه\n', '\nتحلیل بنیادین\n']",https://www.tgju.org/news/2441753/از-مس-و-آلومینیوم-چه-خبر
12,واگرایی نزولی در نمودار شیبا اینو؛ آیا وقت فروش است؟ ,به گزارش قیمت شیبا اینو (SHIB) در 21 ژوئن (31 خرداد)، تا 31 درصد افزایش یافت. آلتکوین‌های دیگری مانند شاخص قدرت نسبی (RSI) شیبا اینو کف‌های بالاتری را ایجاد کرد؛ با این حال، قیمت شیبا اینو بین 12 می (22 اردیبهشت) تا 13 ژوئن (23 خرداد) کف‌های پایین‌تری را ایجاد کرده است - این یعنی یک واگرایی صعودی. این همان چیزی است که باعث افزایش قیمت شیبا اینو شد. با وجود این، این حرکت صعودی اکنون از دو جهت با تهدید مواجه است.قیمت شیبا اینو تلاش می‌کند از مانع 0.0000104 دلاری عبور کند. عدم موفقیت در عبور از این مانع می‌تواند باعث کاهش 17 درصدی آن به حدود 0.0000095 دلار شود. در همین حال، شیبا اینو بین 30 می (9 خرداد) تا 21 ژوئن (31 خرداد) سقف‌های پایین‌تری ایجاد کرد، ولی شاخص قدرت نسبی سقف‌های بالاتری را نشان داد.این وضعیت بین قیمت و RSI یک واگرایی نزولی ایجاد می‌کند؛ این مسئله نشان می‌دهد باید منتظر یک حرکت نزولی 17 درصدی، و به طور کلی یک اصلاح قیمت برای شیبا اینو باشیم. بنابراین، سرمایه‌گذاران باید حرکات قیمت شیبا اینو را در روز جاری به خوبی زیر نظر داشته باشند.با این‌که روند قیمت شیبا اینو در حال حاضر صعودی به نظر می‌رسد، سرمایه‌گذاران باید به شاخص قدرت نسبی آن در نمودار 4 ساعته توجه زیادی داشته باشند. یک واگرایی نزولی روی این اندیکاتور ایجاد شده است که نشان می‌دهد یک اصلاح قیمت پیش روی شیبا اینو خواهد بود. اگر امروز قیمت این کوین در بالای سطح 0.0000104 دلار بسته شود، می‌تواند تا 33 درصد افزایش یافته و به 0.0000139 دلار برسد.,"
اخبار ارزهای دیجیتال
","
قیمت شیبا اینو 31٪ افزایش یافت؛ ولی نتایج تحلیل تکنیکال نشان می‌دهند قیمت این کوین تحت یک واگرایی نزولی در نمودار، احتمالا اصلاح شود.
",امیر مصطفایی,چهارشنبه 1 تیر 1401 ساعت 11:33,"['\nشیبااینو\n', '\nواگرایی نزولی\n', '\nآلتکوین\n', '\nسینتتیکس\n', '\nاستورج\n', '\nدوج کوین\n', '\nشاخص قدرت نسبی\n ', '\nاخبار ویژه\n', '\nتحلیل تکنیکال\n', '\nخبر دو\n']",https://www.tgju.org/news/2441749/واگرایی-نزولی-در-نمودار-شیبا-اینو-آیا-وقت-فروش-است
13,روبل در لاین سبقت!,به گزارش در ساعت 1423 به وقت گرینویچ، روبل در برابر دلار 2.1 درصد قوی‌تر شد و به 54.44 رسید. پیش از این به 54.20 دلار در هر دلار رسیده بود که قوی‌ترین رقم از ژوئن 2015 تاکنون بود. به نظر می‌رسد روبل گوی سبقت را از سایر ارزها ربوده است.در برابر یورو، این ارز 1.8 درصد افزایش یافت و در 57.80 معامله شد و پیش از این به 57.0250 رسید که قوی‌ترین نقطه آن از می 2015 بود.روبل که به بهترین ارز دنیا تبدیل شده است در سال جاری، به دلیل درآمدهای بالای روسیه از صادرات کالاها، کاهش شدید واردات ارز خارجی و ممنوعیت برداشت ارز خارجی و کاهش شدید واردات خانوارها، هدایت می‌شود.سیاستگذاران ارشد از مجمع اقتصادی سالانه روسیه در سن پترزبورگ هفته گذشته برای برجسته‌کردن قدرت اخیر روبل استفاده کردند. نگرانی‌هایی وجود دارد که این امر می‌تواند بر اقتصاد تأثیر بگذارد، زیرا در بحبوحه تحریم‌های شدید به دلیل آنچه مسکو «عملیات نظامی ویژه» در اوکراین می‌خواند، به رکود می‌رود.ولز کپیتال در یادداشتی اعلام کرد: در آغاز روز معاملاتی، بازار روسیه ممکن است به حرکت صعودی خود به دلیل عدم وجود محرک‌های خارجی و داخلی قابل توجه برای فروش ادامه دهد.بی سی اس اکسپرس گفت که احتمالا روبل به شدت تحت تاثیر عدم تعادل بازار بین تقاضا و عرضه است.BCS گفت: «هنوز خریداران ارزهای خارجی به اندازه کافی وجود ندارند تا بتوانند فروش خود را برآورده کنند، بدون اینکه نرخ ارز خارجی را پایین بیاورند.»روبل توسط شرکت‌هایی که باید در اوایل هفته آینده مالیات بپردازند، تقویت می‌شود. برای شرکت‌های صادرات محور، این به معنای تبدیل درآمد دلار و یورو به روبل است.تحقیقات سرمایه‌گذاری SberCIB گفت که این باید در روزهای آینده افزایش یابد و افزود که به سختی می‌توان دستاوردهای اخیر روبل را به پیشنهادهای فزاینده ارزهای سخت صادرکنندگان نسبت داد، زیرا این حرکت‌ها بر اساس حجم معاملات کم بوده است.شاخص‌های سهام روسیه با هم متفاوت بودند.شاخص RTS بر اساس دلار با 1 درصد افزایش به 1370.9 واحد رسید که بالاترین میزان از 21 فوریه، اندکی قبل از اعزام ده‌ها هزار نیروی نظامی روسیه به اوکراین بود.شاخص MOEX روسیه مبتنی بر روبل با 1.4 درصد کاهش به 2374.2 واحد رسید.,"
اخبار ارزی
","
با تاثیر چشم‌انداز پرداخت مالیات، روبل روسیه در بورس مسکو در برابر دلار و یورو به بالاترین سطح هفت ساله خود رسید.
",معصومه دانش,چهارشنبه 1 تیر 1401 ساعت 11:24,"['\nروبل روسیه\n', '\nیورو/دلار\n', '\nپرداخت مالیاتی\n', '\nصادرات کالا\n', '\nواردات ارز خارجی\n', '\nحرکت صعودی\n', '\nمحرک خارجی\n', '\nارز خارجی\n', '\nنرخ ارز\n', '\nحجم معاملات\n', '\nاخبار ویژه\n']",https://www.tgju.org/news/2441745/روبل-در-لاین-سبقت
14,امید کاردانو برای عبور از مقاومت 0.54 دلاری,به گزارش با تحلیل قیمت کاردانو در می‌یابیم، این ارز دیجیتال در سه روز گذشته حمایت خط روند را دنبال کرده است. سطح مقاومت 0.54 دلاری به عنوان یک چالش بزرگ برای کاردانو تلقی می‌شود، زیرا اگر این کوین بتواند این مقاومت را در هم بشکند، احتمالا می‌تواند به سطوح بالاتر حرکت کند. اگر این اتفاق بیفتد، انتظار می‌رود که کاردانو در سطح 0.66 دلار نیز با مقاومت دیگری رو‌به‌رو شود.از زمان شروع روند نزولی بازار در هفته‌ی اول ماه می، کاردانو (ADA) در پایین‌ترین حد سطوح خود معامله می‌شود. قیمت این کوین از زمان سقوط بازار ارزهای دیجیتال، بیش از 44 درصد کاهش یافته است. با تداوم روند نزولی بازار، قیمت کاردانو (ADA) از 18 ژانویه 2022 (28 دی 1400) تا به امروز نزدیک به 68.93 درصد کاهش یافته است.به علاوه، شاخص قدرت نسبی (RSI) کاردانو اکنون بالای 45 است؛ این مسئله نشان می‌دهد برخی از معامله‌گران اقدام به خرید این کوین کرده‌اند. ولی RSI هم‌چنان در نزدیکی منطقه‌ی اشباع فروش قرار دارد.در همین حال، گامباردلو در توییتی دیگر خاطرنشان کرد، بازار احتمالا پس از مدتی وارد مرحله‌ی صعودی خواهد شد. وی گفت: «من صبر می‌کنم.» هم‌چنین، وی تاکید کرد تاخیر در هاردفورک واسیل در شبکه کاردانو با هدف انجام آزمایش‌های بیش‌تر بوده است، و نه به این دلیل که تیم مهندسی آن دچار مشکل شده باشند.,"
اخبار ارزهای دیجیتال
","
قیمت کاردانو در حال حاضر 0.47 دلار است؛ اگر این ارز دیجیتال می‌خواهد به سطوح بالاتر برسد، باید مقاومت 0.54 دلاری را از پیش رو بردارد.
",امیر مصطفایی,چهارشنبه 1 تیر 1401 ساعت 10:52,"['\nکاردانو\n', '\nمقاومت\n', '\nهاردفورک واسیل\n', '\nارز دیجیتال\n', '\nحمایت\n', '\nشاخص قدرت نسبی\n', '\nکریپتو\n', '\nاخبار ویژه\n', '\nتحلیل تکنیکال\n', '\nخبر دو\n']",https://www.tgju.org/news/2441740/امید-کاردانو-برای-عبور-از-مقاومت-0-54-دلاری
15,طلا، روزی دیگر، زیانی دیگر!,به گزارش این روایت که افزایش نرخ تهاجمی فدرال رزرو اقتصاد ایالات متحده را به سمت رکود سوق می‌دهد همچنان در بازی به سمت شهادت جروم پاول، رئیس فدرال رزرو در روز چهارشنبه، مورد انتظار است. پاول قرار است در روزهای چهارشنبه و پنج‌شنبه در برابر کنگره درباره گزارش سیاست پولی شش ماهه فدرال رزرو شهادت دهد. XAU/USD در این هفته نزدیک به پایین‌ترین سطح در 1826 دلار است، زیرا شعله‌ورشدن ناشی از ترس از رکود باعث افزایش جذابیت دلار برای حفظ امنیت شده است. اگرچه فروش ناشی از ریسک‌گریزی در بازدهی خزانه‌داری به گاوهای نر طلا مهلت موقت می‌دهد.با توجه به شهادت پاول و جلسه پرسش و پاسخ، تأیید رئیس بانک مرکزی مبنی بر افزایش احتمالی ۷۵ واحدی نرخ بهره در ماه ژوئیه می‌تواند به افزایش معروف دلار کمک کند و در عین حال بازدهی را در منحنی افزایش دهد. در چنین حالتی، قیمت طلا می‌تواند کاهش خود را به سمت حمایت کلیدی 1800 دلار تسریع بخشد. بر اساس ابزار CME FedWatch، بازارها با احتمال 97 درصد افزایش نرخ بهره فدرال رزرو 75 واحد در ثانیه در ماه آینده قیمت‌گذاری می‌کنند. در همین حال، آخرین نظرسنجی رویترز پیش‌بینی‌های متوسط ​​را برای افزایش 50 واحدی در ثانیه در ماه سپتامبر نشان داد که نشان می‌دهد فدرال رزرو همچنان متعهد به مبارزه با تورم است.از نظر فنی، راه‌اندازی روزانه کاملاً به نفع خرس‌ها متمایل است، با آزمایش حمایت از خط روند رو به رشد در 1810 دلار که پس از ردشدن بالای 200 DMA در موارد متعدد اجتناب‌ناپذیر است.علاوه بر این، DMA نزولی 21 تنظیم شده است تا از 200 DMA افقی برای نزول عبور کند، که اگر اتفاق بیفتد تشکیل متقاطع خرسی را تأیید می‌کند. کراس اوور نزولی به روند نزولی مجدد فلز زرد اعتبار می‌بخشد.سپس فروشندگان در مسیر رسیدن به رقم کلیدی 1800 دلاری، پایین‌ترین قیمت 1805 دلاری ژوئن را به چالش خواهند کشید.شاخص قدرت نسبی 14 روزه (RSI) به سمت جنوب زیر 50.00 قرار دارد که نمای نزولی روی فلز را توجیه می‌کند.از طرف دیگر، قیمت طلا به یک حرکت پایدار بالاتر از سد 200 DMA نیاز دارد تا حرکت نزولی جاری را معکوس کند. 21 DMA در آن سطح منطبق است.پذیرش بالاتر از دومی می‌تواند سطح روانی 1850 دلار را آزمایش کند. بسته‌شدن روزانه بالاتر از این سطح، قله‌های متناوب را در 1858 دلار تهدید می‌کند.,"
اخبار طلا و سکه
","
از آنجا که قیمت طلا نتوانست از درخواست پناهگاه امن دلار سرمایه‌گذاری کند، طلا امروز در چهارمین روز ضرر خود قرار گرفت.
",معصومه دانش,چهارشنبه 1 تیر 1401 ساعت 10:50,"['\nمیانگین متحرک\n', '\nزنجیره زیان\n', '\nپناهگاه امن\n', '\nاحساسات ریسک\n', '\nرکود\n', '\nدلار آمریکا\n', '\nافزایش نرخ بهره\n', '\nنرخ بهره\n', '\nحمایت کلیدی\n', '\nمبارزه با تورم\n', '\nشاخص قدرت نسبی\n', '\nاخبار ویژه\n', '\nتحلیل بنیادین\n']",https://www.tgju.org/news/2441736/طلا-روزی-دیگر-زیانی-دیگر
16,کاهش 45 درصدی قیمت آوالانچ در یک ماه,به گزارش علی‌رغم رکود اخیر در بازار کریپتو، این پلتفرم غیرمتمرکز (DApp) هم‌چنان به عنوان یکی از بازیگران برجسته‌‌ی بازار به شمار می‌رود و از نظر سپرده‌های مربوط به قرارداد هوشمند و آدرس‌های فعال در رتبه‌ی بالایی قرار دارد. با این حال، عملکرد ضعیف قیمت این توکن باعث شده است، سرمایه‌گذاران در خصوص استفاده از این شبکه تردید و نگرانی داشته باشند.فروش گسترده‌ی دارایی‌های پرریسک باعث شد آوالانچ (AVAX) چندین بار حمایت 14.80 دلاری را تست کند؛ ارزش بازار کنونی این ارز دیجیتال 4.8 میلیارد دلار است. هم‌چنین ارزش قفل شده‌ی این شبکه 3.2 میلیارد دلار است.برای مقایسه، کارمزدهای شبکه‌ی البته، عملکرد اولیه‌ی برنامه‌ی غیرمتمرکز آوالانچ ظرف 60 روز گذشته تقویت شده، زیرا ارزش کل قفل شده‌ی این شبکه به 184 میلیون توکن AVAX افزایش یافته است. این مسئله نشان می‌دهد که حتی با سقوط قیمت آوالانچ (AVAX)، سرمایه‌گذاران توکن‌های خود را از برنامه‌های غیرمتمرکز آن خارج نکردند.ارزش کل قفل شده‌ی شبکه آوالانچ عملا ظرف دو ماه 35 درصد رشد کرده است. به عنوان مقایسه، ارزش کل قفل شده‌ی اتریوم 10٪ افزایش یافته، در حالی که بی‌ان‌بی چین (BnB Chain) در همین دوره با کاهش 14 درصدی مواجه شده است.برای آن‌که مطمئن شویم آیا افزایش ارزش کل قفل شده‌ی شبکه آوالانچ می‌تواند امیدوارکننده باشد یا خیر، باید معیارهای استفاده از برنامه‌های غیرمتمرکز را تحلیل کنیم. البته برخی از این برنامه‌ها، مانند بازی‌ها و مارکت‌ها، به سپرده‌های زیادی نیاز ندارند، بنابراین این معیار ممکن است در این موارد نتیجه‌ی صحیحی به دست ندهد.بر اساس داده‌های موجود در جدول بالا، میزان تعامل آدرس‌های شبکه آوالانچ با برنامه‌های غیرمتمرکز در 21 ژوئن نسبت به ماه قبل 42 درصد کاهش یافته است. برای مقایسه، بی‌ان‌بی چین نیز با کاهش 16 درصدی میزان کاربران مواجه شده است؛ هم‌زمان، پولیگان نیز شاهد کاهش 29 درصدی بوده است.علی‌رغم آن که ارزش کل قفل شده‌ی آوالانچ نسبت به رقبا بهتر بوده است، کاهش میزان استفاده از این شبکه نگران‌کننده است. به عنوان مثال، تعداد آدرس‌های فعال تریدر جو (Trader Joe) 93130 است، در حالی که برنامه‌ی غیر متمرکز کوییک سوآپ شبکه‌ی پولیگان که دارای 161،040 کاربر فعال است.داده‌های بالا نشان می‌دهند آوالانچ در وضعیت مطلوبی به سر نمی‌برد؛ و به همین خاطر است که قیمت AVAX ظرف 30 روز 45 درصد سقوط کرده. احتمالا تا زمانی که معیارهای استفاده از شبکه‌ی آوالانچ، به‌ ویژه تعداد آدرس‌های فعال آن بهبود نیابند، سرمایه‌گذاران نسبت به سطح حمایت 14.80 دلاری نیز دچار شک و تردید خواهند بود.,"
اخبار ارزهای دیجیتال
","
آوالانچ حمایت 14.80 دلاری را تست کرد؛ عملکرد برنامه‌های غیرمتمرکز این شبکه نسبت به رقبای خود ضعیف‌تر شده است. این مسئله نشان‌دهنده‌ روند نزولی بیش‌تر است.
",امیر مصطفایی,چهارشنبه 1 تیر 1401 ساعت 10:15,"['\nآوالانچ\n', '\nبرنامه\u200c های غیر متمرکز\n', '\nبازارهای کریپتو\n', '\nارز دیجیتال\n', '\nارزش کلی قفل شده\n', '\nسولانا\n', '\n بی ان بی چین\n', '\nپولیگان\n', '\nاخبار ویژه\n']",https://www.tgju.org/news/2441722/کاهش-45-درصدی-قیمت-آوالانچ-در-یک-ماه
17,طلا راضی از محدودیت,به گزارش معاملات آتی طلا تا ساعت 23:43 به وقت شرقی (3:43 بامداد به وقت گرینویچ) با 0.42 درصد کاهش به 1831.10 دلار رسید. دلار که به طور معمول معکوس به طلا حرکت می‌کند، صبح چهارشنبه افزایش یافت و تقاضا برای شمش بدون بازده را کاهش داد.جفری هالی، تحلیلگر ارشد OANDA به رویترز گفت: «طلا در حال حاضر از معامله معکوس نسبت به دلار آمریکا در یک محدوده جانبی راضی است، و ما برای تغییر آن، به حرکت جهت‌دار بزرگ دلار آمریکا نیاز داریم.»جروم پاول، رئیس فدرال رزرو، بعداً در روز شهادت دو روزه خود را در کنگره آغاز خواهد کرد و سرمایه‌گذاران به دنبال یافتن سرنخ‌های بیشتری در مورد اینکه آیا فدرال رزرو مجدداً نرخ بهره را 75 واحد پایه افزایش خواهد داد یا خیر، خواهند بود.«اگر پاول امشب تندخو باشد، با افزایش دوباره بازدهی، می‌توانیم شاهد افزایش دوباره دلار آمریکا باشیم. که طلا را پایین‌تر می‌برد. در غیر این صورت، کمترین تأثیر پیش‌بینی می‌شود.»با این حال، نگرانی از رکود اقتصادی همچنان بر بازار فشار می‌آورد و ایلان ماسک، مدیر اجرایی این شرکت هشدار داد که ایالات متحده به سمت رکود پیش می رود.به گفته وانگ تائو، تحلیلگر فنی رویترز، با نگاهی به آینده، طلای نقدی ممکن است حمایت 1821 دلار در هر اونس را آزمایش کند، که البته با شانس خوبی برای شکستن به زیر این سطح و سقوط به 1812 دلار همراه خواهد بود.در سایر فلزات گرانبها، ,"
اخبار طلا و سکه
","
در حالی که سرمایه‌گذاران منتظر اعلام نتیجه سیاست‌های پولی هستند، طلا امروز در آسیا کاهش یافت.
",معصومه دانش,چهارشنبه 1 تیر 1401 ساعت 09:50,"['\nدلار آمریکا\n', '\nسیاست پولی\n', '\nمعکوس روند\n', '\nنرخ بهره\n', '\nنقره\n', '\nپلاتین\n', '\nپالادیوم\n', '\nطلای نقدی\n', '\nرکود اقتصادی\n', '\nافزایش نرخ بهره\n', '\nمعاملات آتی طلا\n', '\nاخبار ویژه\n']",https://www.tgju.org/news/2441715/طلا-راضی-از-محدودیت
18,3 ارز دیجیتال که از سردی زمستان کریپتو می‌کاهند ,به گزارش ولی در این مطلب، به 3 ارز دیجیتال اشاره می‌کنیم که آماده‌ی بازگشت هستند، و شاید بتوانند زمستان 2022 ارزهای دیجیتال را کمی گرم کنند و به پیشتازان بازار کریپتو تبدیل شوند.پادشاه آلتکوین‌ها و قدرت دوم بازار ارزهای دیجیتال علی‌رغم مواجهه با روند نزولی اخیر بازار کریپتو، هم‌چنان می‌تواند امید به پیشرفت داشته باشد. اتریوم از زمستان‌های قبلی جان سالم به در برده است و امید زیادی به احیای سریع آن وجود دارد تا از کف قیمت خود برخیزد و نگاهی به قله‌های جدید بیندازد.فلو که از همان ابتدا به عنوان یک دارایی دیجیتال طراحی شده بود، در کم‌تر از 20 ماه پس از راه‌اندازی، توانست ارزش بازار خود را به حدود 3 میلیارد دلار برساند. این ارز دیجیتال برای بازی، هنرهای دیجیتال و سایر برنامه‌های کاربردی بسیار مقیاس‌پذیر و هدفمند طراحی شده است؛ فلو (FLOW) به عنوان یکی از کارآمدترین ارزهای دیجیتال در بازار شناخته می‌شود. پارودی کوین یکی از ارزهای دیجیتال جدید است؛ موفقیت آن در مراحل اولیه‌ی فروش، امید زیادی را در دل علاقه‌مندان به ارزهای دیجیتال ایجاد کرد. پارودی کوین (PARO) ممکن است با پشت سر گذاشتن زمستان سرد کریپتوی سال 2022، مرحله‌ی جدیدی از فرایند احیای بازار ارزهای دیجیتال را آغاز کند. مهم‌ترین ویژگی این میم کوین طراحی خاص آن در رابطه با تورم است. این ویژگی امکان ایجاد کوین‌های بیش‌تر را، هماهنگ با تقاضای بازار، فراهم می‌کند. با این حال، به محض کاهش تقاضا، این سیستم با کوین‌سوزی شروع به کاهش تعداد این کوین‌ها در بازار می‌کند. این کمیابی کنترل‌شده باعث آرام شدن نوسان‌ها می‌شود و ارزش هر واحد کوین پارودی را ثابت، و آن را دائما مورد تقاضا نگه می‌دارد.,"
اخبار ارزهای دیجیتال
","
بازار ارزهای دیجیتال روزهای خوبی را سپری نمی‌کند؛ با این حال، هنوز برخی از کوین‌ها وجود دارند که روند امیدوارکننده‌ای را نشان می‌دهند.
",امیر مصطفایی,سه شنبه 31 خرداد 1401 ساعت 16:57,"['\nارز دیجیتال\n', '\nکریپتو\n', '\nبیت\u200cکوین\n', '\nاتریوم\n', '\nدوج کوین\n', '\nفلو\n', '\nپارودی کوین\n', '\nاخبار ویژه\n']",https://www.tgju.org/news/2441621/3-ارز-دیجیتال-که-از-سردی-زمستان-کریپتو-می-کاهند
19,آنچه بر قیمت طلا تاثیر داشت,به گزارش اوراق قرضه و طلا مانند کشتی‌های ارتباطی عمل می‌کنند: افزایش بازده واقعی بلندمدت، سرمایه را به سمت بازارهای بدهی از طلا دور می‌کند. در دو سال گذشته، همبستگی معکوس بین بازدهی طلا و خزانه‌داری 10 ساله ایالات متحده بسیار قوی بوده است: قیمت طلا در آگوست 2020 به اوج خود رسید، در حالی که بازدهی از 0.5 درصد افزایش یافت.با این حال، چندین نکته ضروری برای درک این همبستگی وجود دارد: اول اینکه، بازدهی 10 ساله خزانه‌داری در هفته گذشته به بالاترین حد در 11 سال گذشته رسید، در حالی که طلا تنها به سطوحی که آخرین بار در ابتدای سال مشاهده شده بود، کاهش یافته است. به عبارت دیگر، خروج سرمایه فعال از طلا تنها زمانی رخ می‌دهد که بازدهی به شدت کاهش یابد، در حالی که روند بلندمدت به نفع فلز درخشان است. این همبستگی را می‌توان به راحتی با تورم توضیح داد که در بلندمدت قدرت خرید پول را کاهش می‌دهد.ثانیاً، بازدهی 10 ساله به اندازه پیش‌بینی رشد اقتصادی تحت تأثیر نرخ‌های بهره کوتاه‌مدت فدرال رزرو نیست. افزایش احتمال رکود در آیندهٔ قابل پیش‌بینی باعث کاهش بازدهی بلندمدت شده است. علاوه بر این، سیگنال‌هایی وجود دارد که نشان می‌دهد حرکت رو به بالا در بازدهی UST بسیار سریع بوده است و در کوتاه‌مدت یک عقب‌نشینی اصلاحی ایجاد می‌کند.به نظر ما، خطر بالقوه برای طلا، انقباض بیشتر لحن فدرال رزرو است، یعنی اشاره به گام‌های جدید افزایش 75 واحدی نرخ بهره و تمایل به نگه‌داشتن نرخ‌ها بالاتر از تورم. اما تاکنون شاهد عملکرد بهتر تورم نسبت به نرخ‌های کلیدی بوده‌ایم و نظرات اعضای FOMC حاکی از تمایل به توقف با انقباض در محدوده 3.5 تا 4.0 درصدی، بدون تلاش برای کاهش تورم و بازگشت به نرخ است. این چشم‌اندازها بازده اوراق قرضه بلندمدت را کنترل می‌کنند و در عین حال علاقه به استراتژی خرید طلا را در طول رکودهای شدید افزایش می‌دهند.در سطح محلی، بازدهی رو به افزایش اوراق قرضه برای فروشندگان طلا موثر است. این همچنین یک سیگنال نزولی به شکل تثبیت زیر میانگین متحرک 200 روزه دارد.با این حال، انعطاف‌پذیری طلا زمانی توجه را به خود جلب کرد که بازارها انتظارات افزایش نرخ بهره را از 50 به 75 واحد و افزایش چند برابری خرید در افت زیر میانگین متحرک 200 روزه از دسامبر سال گذشته را بیش از حد برآورد کردند.,"
اخبار طلا و سکه
","
با توجه به فشار حاکم بر افزایش اوراق قرضه و عدم بازگشت بازارهای سهام، طلا در معاملات امروز تحت فشار باقی ماند.
",معصومه دانش,سه شنبه 31 خرداد 1401 ساعت 16:56,"['\nبازارهای سهام\n', '\nبازده اوراق قرضه\n', '\nروند بلندمدت\n', '\nنرخ بهره\n', '\nتورم\n', '\nسیگنال نزولی\n', '\nافزایش نرخ بهره\n', '\nرکود شدید\n', '\nاخبار ویژه\n']",https://www.tgju.org/news/2441620/آنچه-بر-قیمت-طلا-تاثیر-داشت
20,از این طلاهای هندی,به گزارش همانطور که اداره گمرک فدرال سوئیس گزارش کرده است، سوئیس در ماه می 105 تن طلا صادر کرده است. کمتر از نیمی از این کل به صادرات طلا به چین با 10 تن کمترین میزان در 14 ماه گذشته بود. این ممکن است مربوط به قرنطینه‌های ویروس کرونا باشد که زندگی عمومی را به شدت محدود کرده است.سوئیس در ماه می تقریباً هیچ طلایی به ایالات متحده یا بریتانیا صادر نکرد. با این حال، با توجه به اینکه ETF‌های طلا تقاضای زیادی نداشتند و خروجی برای آنها ثبت شده بود، تعجب‌آور نیست.,"
اخبار ارزی
","
در حالی که صادرات طلا به چین به خاطر قرنطینه کرونا محدود شده است، هند 36 تن طلا از سوئیس وارد کرده است.
",معصومه دانش,سه شنبه 31 خرداد 1401 ساعت 16:19,"['\nطلای وارداتی\n', '\nفرانک سوئیس\n', '\nهند\n', '\nروپیه هند\n', '\nقیمت طلا\n ', '\nواردات طلای هند\n', '\nاخبار ویژه\n']",https://www.tgju.org/news/2441610/از-این-طلاهای-هندی
